分类,前端id/文案,请求参数名,响应字段(keys),响应中文名(names),auth权限位
时间筛选,实际开航时间,search_time[schedule_actual_delivery_date],schedule_actual_delivery_date,实际开航时间,interval
时间筛选,最近更新时间,search_time[order_updated_date],order_updated_date,最近更新时间,interval
时间筛选,客户应收日,search_time[charge_rec_date],charge_rec_date,应收日期,interval
时间筛选,应收日期,search_time[charge_rec_date_ext],charge_rec_date_ext,应收日期,interval
时间筛选,应付日期,search_time[charge_pay_date],charge_pay_date,应付日期,interval
时间筛选,预计开航日期,search_time[schedule_estimate_delivery_date],schedule_estimate_delivery_date,预计开航日期,interval
时间筛选,应付核销时间,search_time[receipt_pay_ts],receipt_pay_ts,应付核销时间,interval
时间筛选,应收收款时间,search_time[charge_rec_receipt_ts],charge_rec_receipt_ts,应收收款时间,interval
时间筛选,应付付款时间,search_time[charge_pay_payment_ts],charge_pay_payment_ts,应付付款时间,interval
时间筛选,报关单上传日期,search_time[file_customs_upload_ts],file_customs_upload_ts,报关单上传日期,interval
时间筛选,应收运费维护日期,search_time[ocean_freight_ts],ocean_freight_ts,应收运费维护日期,interval
时间筛选,供应商账单日期,search_time[supplier_bill_time],supplier_bill_time,供应商账单日期,interval
时间筛选,客户账单日期,search_time[customer_bill_time],customer_bill_time,客户确认账单日期,interval
时间筛选,收到报关单日期,search_time[get_customs_time],get_customs_time,收到报关单日期,interval
时间筛选,应收开票日期,search_time[invoice_rec_ts],invoice_rec_ts,应收开票日期,interval
时间筛选,单证上传时间-一融,search_time[first_file_upload_time],first_file_upload_time,单证上传时间-一融,interval
时间筛选,单证上传时间-二融,search_time[second_file_upload_time],second_file_upload_time,单证上传时间-二融,interval
时间筛选,完整资料日期,search_time[full_information_time],full_information_time,完整资料日期,interval
时间筛选,一融放款时间,search_time[first_loan_time],first_loan_time,一融放款时间,interval
时间筛选,二融放款时间,search_time[second_loan_time],second_loan_time,二融放款时间,interval
时间筛选,提交开票申请日期人民币,search_time[invoice_cny_apply_ts],invoice_cny_apply_ts,提交开票申请日期人民币,interval
时间筛选,提交开票申请日期美金,search_time[invoice_usd_apply_ts],invoice_usd_apply_ts,提交开票申请日期美金,interval
时间筛选,更新时间,search_time[supplement_update_ts],supplement_update_ts,更新时间,interval
时间筛选,报关接单日期,search_time[decl_create_ts],decl_create_ts,报关接单日期,interval
时间筛选,报关放行日期,search_time[decl_release_ts],decl_release_ts,报关放行日期,interval
时间筛选,运踪开航日,search_time[track_atd],track_atd,运踪开航日,interval
时间筛选,创建时间,search_time[order_created_date],order_created_date,创建时间,interval
时间筛选,一融资产通过时间,search_time[asset_pass_time_first],asset_pass_time_first,一融资产通过时间,interval
下拉/多选,承运人,ship_company,schedule_carrier,承运人,ship_company
下拉/多选,M放货方式,booking_mbl_delivery_mode,booking_mbl_delivery_mode,M放货方式,booking_mbl_delivery_mode
下拉/多选,服务类型(多选),service_types[],order_service_types,服务类型,service_types
下拉/多选,订单备注,order_remarks,order_remarks,订单备注,order_remarks
下拉/多选,直客拓展,sale,order_opt_sales,直客拓展,order_opt_sales
下拉/多选,销售运营,client,order_opt_client,-,order_opt_client
下拉/多选,操作人(多选),operator[],order_opt_operation,操作人,order_opt_operation
下拉/多选,客服(多选),service[],order_opt_customers_service,客服,order_opt_customers_service
下拉/多选,开航状态,delivery_status,delivery_status,开航状态,delivery_status
下拉/多选,航线分类,schedule_line_category,schedule_line_category,航线分类,schedule_line_category
下拉/多选,远洋近洋,line_type,line_type,远洋近洋,line_type
下拉/多选,应收开票状态(多选),receivables_invoice_status[],charge_rec_invoice_status,应收开票状态,receivables_invoice_status
下拉/多选,应收核销状态(多选),receivables_write_off_status[],charge_rec_writeoff_status,应收核销状态,receivables_write_off_status
下拉/多选,应付核销状态(多选),charge_pay_writeoff_status[],charge_pay_writeoff_status,应付核销状态,charge_pay_writeoff_status
下拉/多选,推送状态(多选),push_status[],push_status,推送状态,push_status
下拉/多选,资产校验,asset_verify_status,asset_verify_status,资产校验,asset_verify_status
下拉/多选,融资状态(多选),loan_status[],loan_status,融资状态,loan_status
下拉/多选,企业所属资方,company_funds,company_funds,企业所属资方,company_funds
下拉/多选,订单所属资方,funds,funds,订单所属资方,funds
下拉/多选,企业限额类型(多选),balance_ifautoquota[],balance_ifautoquota,企业限额类型,balance_ifautoquota
下拉/多选,申报限额类型,shipment_ifautoquota,shipment_ifautoquota,申报限额类型,shipment_ifautoquota
下拉/多选,投保状态,insured_status,insured_status,投保状态,insured_status
下拉/多选,账单状态(多选),account_file_status[],account_file_status,账单状态,account_file_status
下拉/多选,提单校验状态(多选),post_insured_bill_verify_status[],post_insured_bill_verify_status,提单校验状态,post_insured_bill_verify_status
下拉/多选,发票校验状态(多选),post_insured_invoice_verify_status[],post_insured_invoice_verify_status,发票校验状态,post_insured_invoice_verify_status
下拉/多选,保后状态(多选),post_insured_status[],post_insured_status,保后状态,post_insured_status
下拉/多选,收汇状态,receipt_status,receipt_status,收汇状态,receipt_status
下拉/多选,保费预警状态,premium_warn_status,premium_warn_status,保费预警状态,premium_warn_status
下拉/多选,保理模式(多选),model[],model,保理模式,model
下拉/多选,退关状态,order_terminated_shutout_status,order_terminated_shutout_status,退关,order_terminated_shutout_status
下拉/多选,服务方案(多选),plan_code[],plan_code,服务方案,plan_code
下拉/多选,服务主体(多选),main_code[],main_code,服务主体,main_code
下拉/多选,保险公司(多选),insure_code[],insure_code,保险公司,insure_code
下拉/多选,融资标识(多选),loan_flag[],loan_flag / loan_flag_arr,融资标识,loan_flag
下拉/多选,额度状态,limit_status,limit_status,额度状态,limit_status
下拉/多选,倒找业务,is_backtrack,is_backtrack,倒找业务,is_backtrack
下拉/多选,自营业务(多选),customs_business[],customs_business / customs_business_arr,自营业务,customs_business
下拉/多选,应收逾期状态(多选),charge_rec_overdue_status[],charge_rec_overdue_status,应收逾期状态,charge_rec_overdue_status
下拉/多选,交易方式(多选),booking_trade_term[],booking_trade_term,交易方式,booking_trade_term
下拉/多选,订单类型(多选),order_type[],order_type,订单类型,order_type
下拉/多选,一融审核结果(多选),audit_result_first[],audit_result_first,一融审核结果,audit_result_first
下拉/多选,二融审核结果(多选),audit_result_second[],audit_result_second,二融审核结果,audit_result_second
下拉/多选,订单状态(多选),order_status[],order_status,订单状态,order_status
下拉/多选,订单作废原因,cancel_remark,cancel_remark,订单作废原因,cancel_remark
下拉/多选,应付开票状态(多选),charge_pay_invoice_status[],charge_pay_invoice_status,应付开票状态,charge_pay_invoice_status
下拉/多选,是否超融,is_exceed,is_exceed,是否超融,is_exceed
下拉/多选,超融处理,handle_exceed,handle_exceed,超融处理,handle_exceed
下拉/多选,金融对账单状态,finance_file_status,finance_file_status,金融对账单状态,finance_file_status
下拉/多选,金融对账单验证结果,finance_file_result,finance_file_result,金融对账单验证结果,finance_file_result
下拉/多选,融资备注类型,loan_remark_type_select,loan_remark_type,融资备注类型,loan_remark_type_select
下拉/多选,资产校验状态(多选),asset_verify_state[],asset_verify_state,资产校验状态,asset_verify_state
下拉/多选,单证状态-一融(多选),file_status_first[],file_status_first,单证状态-一融,file_status_first
下拉/多选,融资状态-一融(多选),loan_status_first[],loan_status_first,融资状态-一融,loan_status_first
下拉/多选,超融回购,need_buy_back,need_buy_back,超融回购,need_buy_back
下拉/多选,业务类型(多选),business_type[],business_type,业务类型,business_type
下拉/多选(隐藏),其他备注,other_remarks,other_remarks,-,-
下拉/多选(隐藏),预估费用状态(多选),expect_fee_status[],expect_fee_status,-,expect_fee_status
下拉/多选(隐藏),实际费用状态(多选),real_fee_status[],real_fee_status,-,real_fee_status
下拉/多选(隐藏),控单状态(多选),loop_dan[],无直接对应字段,-,-
文本输入,企业名称/社会信用统一编码,search_company,order_customer / social_code,客户名称/社会统一码,search_company
文本输入,客户单号,work_no,work_no,客户单号,work_no
文本输入,实际客户名称,order_customer_real,order_customer_real,实际客户,order_customer_real
文本输入,供应商名称,booking_agent_bp,booking_agent_bp,供应商,booking_agent_bp
文本输入,实际供应商名称,booking_agent_bp_real,booking_agent_bp_real,实际供应商,booking_agent_bp_real
文本输入,起运港/目的港,port,schedule_from_terminal / schedule_to_terminal,起运港/目的港,port
文本输入,订单号/提单号,wd,order_no / bl_no,订单号/提单号,wd
文本输入,业务订单号,order_business_no,order_business_no,业务订单,order_business_no
批量操作(未在页面片段中出现控件),-,release_status,-,-,-
批量操作(未在页面片段中出现控件),-,financing_status,-,-,financing_status
批量操作(未在页面片段中出现控件),-,order_ids,-,-,-
批量操作(未在页面片段中出现控件),-,bulk_query_type,-,-,bulk_query
批量操作(未在页面片段中出现控件),-,bulk_shutout_status,-,-,-
批量操作(未在页面片段中出现控件),-,bulk_query,-,-,bulk_query
批量操作(未在页面片段中出现控件),-,batch_exchange_query,-,-,batch_exchange
